<?xml version="1.0" encoding="UTF-8"?>
<project-private xmlns="http://www.netbeans.org/ns/project-private/1">
    <editor-bookmarks xmlns="http://www.netbeans.org/ns/editor-bookmarks/2" lastBookmarkId="0"/>
    <open-files xmlns="http://www.netbeans.org/ns/projectui-open-files/2">
        <group>
            <file>file:/Users/apple/Desktop/UCommerce/web/project.jsp</file>
            <file>file:/Users/apple/Desktop/UCommerce/src/java/dao/ProductDao.java</file>
            <file>file:/Users/apple/Desktop/UCommerce/web/result.jsp</file>
            <file>file:/Users/apple/Desktop/UCommerce/src/java/auth/AuthFilter.java</file>
            <file>file:/Users/apple/Desktop/UCommerce/web/WEB-INF/web.xml</file>
            <file>file:/Users/apple/Desktop/UCommerce/web/login.jsp</file>
            <file>file:/Users/apple/Desktop/UCommerce/web/home.jsp</file>
            <file>file:/Users/apple/Desktop/UCommerce/web/search.jsp</file>
        </group>
    </open-files>
</project-private>
